Spotify URI,Title,Album,Artist(s),Submitter ID,Created,Comment,Round ID,Visible To Voters
spotify:track:0k3fBeBIcok5gbYQyQbxP5,All I Do,Hotter Than July,Stevie Wonder,77ce1c43fa95404985614bfa98bf49d0,2025-06-02T07:24:14Z,,304cfa8d78a2420cbe0c5c0bef15b0af,Yes
spotify:track:2goLsvvODILDzeeiT4dAoR,Believe,Believe,Cher,b7501cd252ff45a1bf113b6865434a09,2025-05-30T11:22:50Z,I said what I said,304cfa8d78a2420cbe0c5c0bef15b0af,Yes
spotify:track:2grjqo0Frpf2okIBiifQKs,September,"The Best Of Earth, Wind & Fire Vol. 1","Earth, Wind & Fire",7b91d7e5ed6d4471b9e7f7be669593c5,2025-05-29T13:48:09Z,,304cfa8d78a2420cbe0c5c0bef15b0af,Yes
spotify:track:2IvetNzSZMH5gwjInoyr18,It's Raining Men,Success,The Weather Girls,6fdaac9000ff4741bfbde8fee25272be,2025-05-29T14:53:20Z,,304cfa8d78a2420cbe0c5c0bef15b0af,Yes
spotify:track:3bxZhauuIU4ubctdRZwPYW,Chan Chan,Buena Vista Social Club,Buena Vista Social Club,f0bffd950ed749d2b6ad93422db32028,2025-05-28T11:05:32Z,,304cfa8d78a2420cbe0c5c0bef15b0af,Yes
spotify:track:3DarAbFujv6eYNliUTyqtz,Kiss Me More (feat. SZA),Planet Her,"Doja Cat, SZA",95f0f3d2f6e84e54b527a9847c90935c,2025-05-28T15:28:40Z,,304cfa8d78a2420cbe0c5c0bef15b0af,No
spotify:track:406WaXMXuRhue3sD8slZoG,Before The Parade Passes By,"Hello, Dolly!","Jerry Herman, Barbra Streisand",9bb5de166c84417f9eac1ab83cde51a3,2025-06-02T11:58:01Z,,304cfa8d78a2420cbe0c5c0bef15b0af,No
spotify:track:49skdn8Truaufvcz8BXmtT,Lets Go Surfing,The Drums,The Drums,fbef2f7c4beb40d7ad6ff55489359b2f,2025-06-02T09:45:00Z,,304cfa8d78a2420cbe0c5c0bef15b0af,No
spotify:track:4hjuUelurEBKlqpJPJ77Iw,Pocketful of Sunshine,Strip Me Away,Natasha Bedingfield,a3856ee1b4bc4ac6acc97e4c1f52f370,2025-05-29T14:50:07Z,,304cfa8d78a2420cbe0c5c0bef15b0af,Yes
spotify:track:4pbyDPjFgfPqFTcIMC8xpK,Rock DJ,Sing When You're Winning,Robbie Williams,3ab94c2427a243119371a8866e43e973,2025-06-02T08:42:22Z,,304cfa8d78a2420cbe0c5c0bef15b0af,No
spotify:track:4pryE6cN2gFL1FVF5fYINl,Leave The Door Open,An Evening With Silk Sonic,"Bruno Mars, Anderson .Paak, Silk Sonic",638bece9d51043468d065ac30af784f2,2025-06-02T11:17:45Z,:),304cfa8d78a2420cbe0c5c0bef15b0af,No
spotify:track:5A1FmxbYVRZKy4nc16MAue,Sex on Fire,Only By The Night,Kings of Leon,0832db62ced3425bbe7aa7c1cf79c225,2025-05-30T12:46:35Z,,304cfa8d78a2420cbe0c5c0bef15b0af,No
spotify:track:5dAauIxGC3TyZRGIsOwWDu,Millionaire,Tasty,"Kelis, André 3000",441377a4cd194279803e5145568346ed,2025-05-28T12:55:02Z,For the early risers <3,304cfa8d78a2420cbe0c5c0bef15b0af,Yes
spotify:track:5EGPf0nqO7vEIwsOX6Er98,Obsessed,Memoirs of an imperfect Angel (International Version),Mariah Carey,ebb25a7b909a431dbc2f15552c35dd26,2025-05-29T07:30:07Z,,304cfa8d78a2420cbe0c5c0bef15b0af,No
spotify:track:5QhBKPqsnX1uY9fZNaAtZg,Stronger,Oops!... I Did It Again,Britney Spears,65f3353a17ee4d3093d42837d3a84e21,2025-05-30T10:53:20Z,,304cfa8d78a2420cbe0c5c0bef15b0af,No
spotify:track:6EMynpZ10GVcwVqiLZj6Ye,Champagne Supernova,(What's The Story) Morning Glory?,Oasis,5b73825c50154f5faf5593b9b85e2ff1,2025-06-02T11:27:42Z,,304cfa8d78a2420cbe0c5c0bef15b0af,Yes
spotify:track:6xEg0lNce24BEPjCjqy5JB,Somebody Else's Guy,Somebody Else's Guy,Jocelyn Brown,388a9575c21f40948c7923fed02ec8e2,2025-06-02T08:13:23Z,who makes me feel SO REAL,304cfa8d78a2420cbe0c5c0bef15b0af,Yes
spotify:track:7HW5WIw7ZgZORCzUxv5gW5,Don't Go Breaking My Heart,Rock Of The Westies,"Elton John, Kiki Dee",b283b84b47b14942b2dc114115d20741,2025-06-02T10:59:39Z,,304cfa8d78a2420cbe0c5c0bef15b0af,No
spotify:track:7qxDU2QyH24KHW0OSGotVw,Short Change Hero,The House That Dirt Built,The Heavy,8fc1dc71014e405da1c76d2fc096a6d6,2025-05-28T14:22:34Z,,304cfa8d78a2420cbe0c5c0bef15b0af,No
spotify:track:0i9l2Knt42NoyU7z1GZeSX,"Setting the Trap (From ""Home Alone"" Soundtrack) - Instrumental",Home Alone (Original Motion Picture Soundtrack),John Williams,77ce1c43fa95404985614bfa98bf49d0,2025-06-09T09:02:36Z,,66b9c2e17bb942ebbc93559d6253cd7b,No
spotify:track:0KzAbK6nItSqNh8q70tb0K,Where Is My Mind?,Death to the Pixies,Pixies,8fc1dc71014e405da1c76d2fc096a6d6,2025-06-09T08:04:54Z,"Ending of “Fight Club””, so iconic and absolutely love the song",66b9c2e17bb942ebbc93559d6253cd7b,No
spotify:track:0qcr5FMsEO85NAQjrlDRKo,"Let It Go - From ""Frozen""/Soundtrack Version",Frozen (Original Motion Picture Soundtrack / Deluxe Edition),Idina Menzel,9bb5de166c84417f9eac1ab83cde51a3,2025-06-06T12:46:04Z,,66b9c2e17bb942ebbc93559d6253cd7b,No
spotify:track:0U0ldCRmgCqhVvD6ksG63j,Nightcall,Nightcall,Kavinsky,fbef2f7c4beb40d7ad6ff55489359b2f,2025-06-09T08:23:43Z,"Synth music, that jacket and Ryan Gosling smouldering whilst driving a big block V8. Swoon. ",66b9c2e17bb942ebbc93559d6253cd7b,Yes
spotify:track:1Eb90nmqTrxylKFhcUzW8P,(Everything I Do) I Do It For You,Waking Up The Neighbours,Bryan Adams,5b73825c50154f5faf5593b9b85e2ff1,2025-06-06T12:32:36Z,,66b9c2e17bb942ebbc93559d6253cd7b,Yes
spotify:track:1elGwF4VwkwglV4nCBPJtv,Now We Are Free,Gladiator - Music From The Motion Picture,"Hans Zimmer, Klaus Badelt, Lisa Gerrard, Gavin Greenaway, The Lyndhurst Orchestra",6fdaac9000ff4741bfbde8fee25272be,2025-06-09T08:37:28Z,,66b9c2e17bb942ebbc93559d6253cd7b,Yes
spotify:track:1ewqpUUSLANb3jjc4UI8uX,Mad World,Donnie Darko (Original Motion Picture Soundtrack),"Michael Andrews, Gary Jules",65f3353a17ee4d3093d42837d3a84e21,2025-06-06T12:08:05Z,,66b9c2e17bb942ebbc93559d6253cd7b,No
spotify:track:2JzZzZUQj3Qff7wapcbKjc,See You Again (feat. Charlie Puth),See You Again (feat. Charlie Puth),"Wiz Khalifa, Charlie Puth",638bece9d51043468d065ac30af784f2,2025-06-07T15:03:30Z,…..,66b9c2e17bb942ebbc93559d6253cd7b,No
spotify:track:2QTDuJIGKUjR7E2Q6KupIh,Test Drive - From How To Train Your Dragon Music From The Motion Picture,How To Train Your Dragon (Music From The Motion Picture),John Powell,4c465028af754893b92b9f999383bd42,2025-06-09T09:05:19Z,,66b9c2e17bb942ebbc93559d6253cd7b,Yes
spotify:track:3cfOd4CMv2snFaKAnMdnvK,All Star,Astro Lounge,Smash Mouth,7b91d7e5ed6d4471b9e7f7be669593c5,2025-06-09T08:21:38Z,From one of the best movies  ,66b9c2e17bb942ebbc93559d6253cd7b,Yes
spotify:track:3fH4KjXFYMmljxrcGrbPj9,Don't You (Forget About Me),Once Upon A Time (Super Deluxe),Simple Minds,3ab94c2427a243119371a8866e43e973,2025-06-08T19:01:43Z,,66b9c2e17bb942ebbc93559d6253cd7b,No
spotify:track:3zXIvb4nZ3cTdT8CsbTy3U,I'm Just Ken,Barbie The Album,Ryan Gosling,ebb25a7b909a431dbc2f15552c35dd26,2025-06-06T12:05:46Z,,66b9c2e17bb942ebbc93559d6253cd7b,No
spotify:track:4AD2dterIUjNt1LFNI9Bvi,He's a Pirate,Pirates Of The Caribbean Original Soundtrack,Klaus Badelt,b283b84b47b14942b2dc114115d20741,2025-06-09T09:20:07Z,,66b9c2e17bb942ebbc93559d6253cd7b,No
spotify:track:4mjLAbsWBCuqSOqMvaPkXd,Pure Shores,Pure Shores,All Saints,388a9575c21f40948c7923fed02ec8e2,2025-06-09T08:08:58Z,Take me to the beeeach,66b9c2e17bb942ebbc93559d6253cd7b,Yes
spotify:track:5Hyr47BBGpvOfcykSCcaw9,"Holding Out for a Hero - From ""Footloose"" Soundtrack",Secret Dreams and Forbidden Fire,Bonnie Tyler,441377a4cd194279803e5145568346ed,2025-06-08T07:35:22Z,From Shreck,66b9c2e17bb942ebbc93559d6253cd7b,Yes
spotify:track:5LFzj73ZwSep0377OQj4bp,Circle of Life,The Lion King Collection (Deluxe Edition),Elton John,b7501cd252ff45a1bf113b6865434a09,2025-06-09T08:20:14Z,,66b9c2e17bb942ebbc93559d6253cd7b,Yes
spotify:track:6ZFbXIJkuI1dVNWvzJzown,Time,Inception (Music from the Motion Picture),Hans Zimmer,0832db62ced3425bbe7aa7c1cf79c225,2025-06-06T12:05:02Z,,66b9c2e17bb942ebbc93559d6253cd7b,No
spotify:track:7F1yVPuJ4xRdrDvf8OL0HF,"My Heart Will Go On - Love Theme from ""Titanic""",Titanic: Original Motion Picture Soundtrack - Collector's Anniversary Edition,"Céline Dion, James Horner",95f0f3d2f6e84e54b527a9847c90935c,2025-06-06T12:32:06Z,,66b9c2e17bb942ebbc93559d6253cd7b,Yes
spotify:track:7GVUmCP00eSsqc4tzj1sDD,Come and Get Your Love - Single Version,Come and Get Your Love,Redbone,2f9cdeb16a7f487c8bf4a6ed6b08ae38,2025-06-09T09:30:27Z,,66b9c2e17bb942ebbc93559d6253cd7b,No
spotify:track:7odHgoLFi3GQ90E9PeraI3,Son of a Preacher Man,Dusty In Memphis [Deluxe Edition],Dusty Springfield,a3856ee1b4bc4ac6acc97e4c1f52f370,2025-06-09T08:13:59Z,,66b9c2e17bb942ebbc93559d6253cd7b,No
spotify:track:0cM751o5JLWKvlskFhAlo2,Yam Yam,Yam Yam,No Vacation,441377a4cd194279803e5145568346ed,2025-06-13T11:40:59Z,,d6ae4fa3c68d4cbb935fb81db08b419e,No
spotify:track:0smyCrJiibi2uwCiq5R1vj,Save Tonight,Desireless,Eagle-Eye Cherry,fbef2f7c4beb40d7ad6ff55489359b2f,2025-06-16T08:13:22Z,,d6ae4fa3c68d4cbb935fb81db08b419e,Yes
spotify:track:0Ui05Ov0s4PnRc4JI3Pilg,My Favourite Game,Gran Turismo (Remastered),The Cardigans,968eab982ccd4fe8bc90c17599c4d2d4,2025-06-14T06:36:20Z,,d6ae4fa3c68d4cbb935fb81db08b419e,No
spotify:track:0yvDNlMoafoHNR9M5LIOGJ,Inner Smile,The Greatest Hits,Texas,3ab94c2427a243119371a8866e43e973,2025-06-15T21:05:31Z,,d6ae4fa3c68d4cbb935fb81db08b419e,No
spotify:track:1f58xau99Rdn0hhcJTwRhz,Uncommon Valor: A Vietnam Story,"Servants In Heaven, Kings In Hell","Jedi Mind Tricks, R.A. The Rugged Man",5b73825c50154f5faf5593b9b85e2ff1,2025-06-16T10:13:54Z,Love the juxtaposition in attitudes on this one and the graphic effects of war told through rap,d6ae4fa3c68d4cbb935fb81db08b419e,Yes
spotify:track:1UL8GkVAs6UcWF6BZ3DYZt,Closer to the Sun,Closer to the Sun,Slightly Stoopid,388a9575c21f40948c7923fed02ec8e2,2025-06-16T08:30:09Z,,d6ae4fa3c68d4cbb935fb81db08b419e,Yes
spotify:track:1y6lq1wrAspWEgRJmYb11S,Do Me Like That,Do Me Like That,The Paradox,8fc1dc71014e405da1c76d2fc096a6d6,2025-06-14T13:13:16Z,This band should blow up,d6ae4fa3c68d4cbb935fb81db08b419e,No
spotify:track:24g01RIxwkf1TVXfowCQZ3,SINNERS,SINNERS,Madison Rose,ebb25a7b909a431dbc2f15552c35dd26,2025-06-15T16:26:17Z,,d6ae4fa3c68d4cbb935fb81db08b419e,No
spotify:track:2aGw77pZqli064JiPuXYRi,I'm Like A Bird,"Whoa, Nelly! (Expanded Edition)",Nelly Furtado,b7501cd252ff45a1bf113b6865434a09,2025-06-16T11:59:29Z,,d6ae4fa3c68d4cbb935fb81db08b419e,Yes
spotify:track:2nYeyMeqYDiFSYYtl2BWD6,Piece of My Heart (feat. Brent Faiyaz),Piece of My Heart (feat. Brent Faiyaz),"Wizkid, Brent Faiyaz",638bece9d51043468d065ac30af784f2,2025-06-16T09:56:21Z,,d6ae4fa3c68d4cbb935fb81db08b419e,No
spotify:track:2tWhYbJL0dZbkWXfhZbDZs,Girl Can't Help It,Raised On Radio,Journey,b283b84b47b14942b2dc114115d20741,2025-06-16T07:42:56Z,,d6ae4fa3c68d4cbb935fb81db08b419e,No
spotify:track:2UVLuddklEVak5PXgC7baA,Groove Is in the Heart,Rhino Hi-Five: Deee-Lite,Deee-Lite,7b91d7e5ed6d4471b9e7f7be669593c5,2025-06-16T08:38:08Z,,d6ae4fa3c68d4cbb935fb81db08b419e,Yes
spotify:track:2ZpH7yXAEj1cisyRdetzHZ,Real Love,Massari,Massari,6fdaac9000ff4741bfbde8fee25272be,2025-06-16T08:31:09Z,,d6ae4fa3c68d4cbb935fb81db08b419e,Yes
spotify:track:3CX1FiiXSbvKjsXRYwApAP,She Can't Love You,She Can't Love You,Chemise,a3856ee1b4bc4ac6acc97e4c1f52f370,2025-06-15T13:01:41Z,,d6ae4fa3c68d4cbb935fb81db08b419e,No
spotify:track:4lA2t93lXgoe1NAzgP2b6u,Rodeo,Rodeo,Momma,1e45d4c4039c4d0caf1d8ad52e271dce,2025-06-13T13:19:26Z,,d6ae4fa3c68d4cbb935fb81db08b419e,No
spotify:track:5cpB6MXX1RmdVHnTLcKtHC,Go with It (feat. VIC MENSA),Ego Death,"The Internet, VIC MENSA",65f3353a17ee4d3093d42837d3a84e21,2025-06-16T09:28:41Z,,d6ae4fa3c68d4cbb935fb81db08b419e,Yes
spotify:track:6CWCgRZ0Hxa2dnrCCvq5bA,JCB,JCB,Nizlopi,4c465028af754893b92b9f999383bd42,2025-06-16T11:58:02Z,,d6ae4fa3c68d4cbb935fb81db08b419e,Yes
spotify:track:6ldwfK0yWgTAlmIfuQkTYN,I'm a Slave 4 U,Britney (Digital Deluxe Version),Britney Spears,2f9cdeb16a7f487c8bf4a6ed6b08ae38,2025-06-13T13:22:04Z,,d6ae4fa3c68d4cbb935fb81db08b419e,No
spotify:track:6lKSOnC9iLGDonypMgvGrm,Too Much,Too Much,Dove Cameron,9bb5de166c84417f9eac1ab83cde51a3,2025-06-13T11:38:23Z,,d6ae4fa3c68d4cbb935fb81db08b419e,No
spotify:track:6mmVHjLIetJMVkJ8Yxs9WQ,The World in Colour,The World in Colour,Gizmo Varillas,0832db62ced3425bbe7aa7c1cf79c225,2025-06-16T08:46:56Z,,d6ae4fa3c68d4cbb935fb81db08b419e,No
spotify:track:7B0zSMcY1H98W9uRCPrc33,Electric Chapel,Born This Way (International Special Edition Version),Lady Gaga,95f0f3d2f6e84e54b527a9847c90935c,2025-06-16T08:15:04Z,,d6ae4fa3c68d4cbb935fb81db08b419e,Yes
spotify:track:09gysnJpfQ3ublBmJDfcEC,SAD GIRLZ LUV MONEY Remix (feat. Kali Uchis and Moliy),SAD GIRLZ LUV MONEY Remix (feat. Kali Uchis and Moliy),"Amaarae, Kali Uchis, MOLIY",441377a4cd194279803e5145568346ed,2025-06-22T12:08:18Z,,ca5d4fd892394eb4a8f6b745ddf1d04c,No
spotify:track:14S2VMZRhekYGluotZ4pqg,"Patadas de Ahogado / LATÍN MAFIA, HUMBE - Rework","Patadas de Ahogado / LATÍN MAFIA, HUMBE (Rework)",HUGEL,b7501cd252ff45a1bf113b6865434a09,2025-06-20T13:11:05Z,,ca5d4fd892394eb4a8f6b745ddf1d04c,Yes
spotify:track:1cimjxWMAlfJ5nYupXVseJ,Gimme Gimme - Club Mix,Summer Of Love,"Kevin McKay, Lee Cabrera, Bleech",3ab94c2427a243119371a8866e43e973,2025-06-23T07:05:53Z,,ca5d4fd892394eb4a8f6b745ddf1d04c,No
spotify:track:1LY3GhF0zxIVgbYEQjCbUO,The Sound of Silence - CYRIL Remix,The Sound of Silence (CYRIL Remix),"Disturbed, CYRIL",b283b84b47b14942b2dc114115d20741,2025-06-23T07:17:25Z,,ca5d4fd892394eb4a8f6b745ddf1d04c,No
spotify:track:1musbempyJAw5gfSKZHXP9,Anxiety,Anxiety,Doechii,fbef2f7c4beb40d7ad6ff55489359b2f,2025-06-23T10:09:51Z,Sampling Goutier's somebody that I used to know hook. Quite possibly the only good thing that's ever come from TikTok,ca5d4fd892394eb4a8f6b745ddf1d04c,Yes
spotify:track:1SrII6esInjzQjzIv0tkkd,Overload - Majestic Remix,Overload (Majestic Remix),"Sugababes, Majestic",388a9575c21f40948c7923fed02ec8e2,2025-06-20T14:17:37Z,,ca5d4fd892394eb4a8f6b745ddf1d04c,No
spotify:track:1waLmkUyMq0M5ACmf5SG7q,Missing - Todd Terry Remix,Amplified Heart (Deluxe Edition),"Everything But The Girl, Todd Terry",65f3353a17ee4d3093d42837d3a84e21,2025-06-23T09:19:32Z,,ca5d4fd892394eb4a8f6b745ddf1d04c,No
spotify:track:24Yi9hE78yPEbZ4kxyoXAI,Roses - Imanbek Remix,Roses (Imanbek Remix),"SAINt JHN, Imanbek",968eab982ccd4fe8bc90c17599c4d2d4,2025-06-22T21:44:30Z,,ca5d4fd892394eb4a8f6b745ddf1d04c,No
spotify:track:3n0HKZcLlI84iMnIP5oQbv,Sock It 2 Me (feat. Da Brat),Respect M.E.,"Missy Elliott, Da Brat",77ce1c43fa95404985614bfa98bf49d0,2025-06-23T11:15:13Z,,ca5d4fd892394eb4a8f6b745ddf1d04c,No
spotify:track:4JNdwEfqwFRiAeEISC8RU8,Die For You (with Ariana Grande) - Remix,Die For You,"The Weeknd, Ariana Grande",638bece9d51043468d065ac30af784f2,2025-06-20T23:23:50Z,🤪🤪🤪,ca5d4fd892394eb4a8f6b745ddf1d04c,No
spotify:track:4O0LwyuV3U18Hg5AxILDlI,Sing It Back - Boris Musical Mix - Edit,Sing It Back,"Moloko, Boris Dlugosch, Michael Lange",a3856ee1b4bc4ac6acc97e4c1f52f370,2025-06-23T11:02:45Z,,ca5d4fd892394eb4a8f6b745ddf1d04c,No
spotify:track:4X67ikG4nM5iw26ZkjF34N,Funkytown / I Feel Good,NYC,Lucky Chops,4c465028af754893b92b9f999383bd42,2025-06-21T13:19:57Z,,ca5d4fd892394eb4a8f6b745ddf1d04c,No
spotify:track:5iyuBXYblt5wpD7DC16WnP,Stayin' Alive - Teddybears Remix,Greatest,Bee Gees,9bb5de166c84417f9eac1ab83cde51a3,2025-06-21T22:54:57Z,,ca5d4fd892394eb4a8f6b745ddf1d04c,No
spotify:track:5lxWBU8FM7pqidZcDsgvb3,Un-Break My Heart - Classic Radio Mix,Secrets (Remix Package),"Toni Braxton, Frankie Knuckles",5b73825c50154f5faf5593b9b85e2ff1,2025-06-22T21:08:11Z,,ca5d4fd892394eb4a8f6b745ddf1d04c,Yes
spotify:track:5qGIfWDRdyO67LCTqA2sEn,Heads Will Roll - A-Trak Remix Radio Edit,Good Morning Music: Wake Up Workout,"Yeah Yeah Yeahs, A-Trak",8fc1dc71014e405da1c76d2fc096a6d6,2025-06-22T08:14:01Z,,ca5d4fd892394eb4a8f6b745ddf1d04c,No
spotify:track:6ljpxxjn7TNc2BijuKtPSo,Dragostea Din Tei (W&W Remix),Dragostea Din Tei (W&W Remix),"O-Zone, W&W",ebb25a7b909a431dbc2f15552c35dd26,2025-06-22T16:51:57Z,,ca5d4fd892394eb4a8f6b745ddf1d04c,No
spotify:track:6NMBkgLg85thMr80ShrW8D,He's A Pirate - Tiësto Remix,Pirates of the Caribbean: Dead Man's Chest (Original Motion Picture Soundtrack),"Hans Zimmer, Klaus Badelt, Geoff Zanelli, Tiësto",1e45d4c4039c4d0caf1d8ad52e271dce,2025-06-22T12:10:20Z,,ca5d4fd892394eb4a8f6b745ddf1d04c,No
spotify:track:6PUIzlqotEmPuBfjbwYWOB,Summertime Sadness (Lana Del Rey Vs. Cedric Gervais) - Cedric Gervais Remix,Summertime Sadness (Lana Del Rey Vs. Cedric Gervais) [Cedric Gervais Remix],"Lana Del Rey, Cedric Gervais",2f9cdeb16a7f487c8bf4a6ed6b08ae38,2025-06-20T23:03:05Z,,ca5d4fd892394eb4a8f6b745ddf1d04c,No
spotify:track:7obdw7ZGr6l1GqSBkFiY11,Macarena - Bayside Boys Remix,Fiesta Macarena,Los Del Rio,95f0f3d2f6e84e54b527a9847c90935c,2025-06-20T12:06:55Z,"The original version by Los del Rio was released in 1993, before the remix. ",ca5d4fd892394eb4a8f6b745ddf1d04c,Yes
spotify:track:7vFoFDWqTX0mHzLfrF1Cfy,Cheerleader (Felix Jaehn Remix) - Radio Edit,Me 4 U,"OMI, Felix Jaehn",0832db62ced3425bbe7aa7c1cf79c225,2025-06-20T12:11:56Z,,ca5d4fd892394eb4a8f6b745ddf1d04c,No
spotify:track:0EH7sgeiFqDa3eS7ieW2zs,Chammak Challo,Ra-One,"Vishal-Shekhar, Akon, Hamsika Iyer, Vishal Dadlani, Niranjan Iyengar",0832db62ced3425bbe7aa7c1cf79c225,2025-06-28T13:45:51Z,,508f53df4a6b452bbb455a357e1b8a19,No
spotify:track:1cGzOaN56kLZjxjGq3gsOB,Gur Nalon Ishq Mitha - Boliyaan Hardcore Mix,Ragga Muffin Mix 1991,"Bally Sagoo, Malkit Singh",388a9575c21f40948c7923fed02ec8e2,2025-06-30T09:11:18Z,,508f53df4a6b452bbb455a357e1b8a19,No
spotify:track:1ixbwbeBi5ufN4noUKmW5a,Paper Planes,Kala,M.I.A.,fbef2f7c4beb40d7ad6ff55489359b2f,2025-06-30T08:29:52Z,Does a western created film that's heavily influenced by bollywood count?,508f53df4a6b452bbb455a357e1b8a19,Yes
spotify:track:1OACsTiYokI4NUgnMonSmt,Bom Diggy Diggy,Sonu Ke Titu Ki Sweety,"Zack Knight, Jasmin Walia, Kumaar",ebb25a7b909a431dbc2f15552c35dd26,2025-06-30T08:25:38Z,,508f53df4a6b452bbb455a357e1b8a19,No
spotify:track:1t39FBb0zsKv5krZaqZKCB,"Show Me The Thumka (From ""Tu Jhoothi Main Makkaar"")","Show Me The Thumka (From ""Tu Jhoothi Main Makkaar"")","Pritam, Amitabh Bhattacharya, Sunidhi Chauhan, Shashwat Singh",968eab982ccd4fe8bc90c17599c4d2d4,2025-06-29T20:33:40Z,,508f53df4a6b452bbb455a357e1b8a19,No
spotify:track:1tEto4JrqNmBZFH5uAiYqb,Sadi Gali,Tanu Weds Manu,"Lehmber Hussainpuri, Raj Shekhar",65f3353a17ee4d3093d42837d3a84e21,2025-06-30T09:32:45Z,,508f53df4a6b452bbb455a357e1b8a19,Yes
spotify:track:2dEhqOahFZgiCFA3V3M9Lp,Pathaka Guddi - Drill Remix,Pathaka Guddi (Drill Remix),"Nooran Sisters, Syned Beats",8fc1dc71014e405da1c76d2fc096a6d6,2025-06-30T08:42:41Z,,508f53df4a6b452bbb455a357e1b8a19,No
spotify:track:2YWjW3wwQIBLNhxWKBQd16,Lean On,Peace Is The Mission : Extended,"Major Lazer, DJ Snake, MØ",a3856ee1b4bc4ac6acc97e4c1f52f370,2025-06-30T09:31:02Z,,508f53df4a6b452bbb455a357e1b8a19,No
spotify:track:2zQeAeH3q0K7U2AWEcVOsF,"Nachan Nu Jee Karda (From ""Angrezi Medium"")","Nachan Nu Jee Karda (From ""Angrezi Medium"")","Romy, Nikhita Gandhi, Tanishk Bagchi, Tigerstyle",2f9cdeb16a7f487c8bf4a6ed6b08ae38,2025-06-27T22:44:37Z,,508f53df4a6b452bbb455a357e1b8a19,No
spotify:track:3iCNWfTDryCWydzD3C00v2,Mundian to Bach Ke - Beware Of The Boys - Jay-Z Remix,The Album,"Panjabi MC, JAŸ-Z",95f0f3d2f6e84e54b527a9847c90935c,2025-06-27T12:05:01Z,,508f53df4a6b452bbb455a357e1b8a19,No
spotify:track:3V3qab2wyi5LjGLjvbV4fD,Mast Kalandar,Heyy Babyy,"Saleem Shahzada, Rehan Khan, Shankar Mahadevan, Sajid Khan, Shankar-Ehsaan-Loy, Sameer Anjaan",441377a4cd194279803e5145568346ed,2025-06-27T18:56:33Z,,508f53df4a6b452bbb455a357e1b8a19,No
spotify:track:5GIPlHvDAcMTGTwsSsOKQA,Ooh La La Tu Hai Meri Fantasy,Ooh La La Tu Hai Meri Fantasy,"Ankita Mathur, Sansankar",b7501cd252ff45a1bf113b6865434a09,2025-06-30T09:16:13Z,,508f53df4a6b452bbb455a357e1b8a19,Yes
spotify:track:5H4rKylLnO8KrmdXTRhj5s,Chaiyya Chaiyya,Dil Se (Original Motion Picture Soundtrack),"Sukhwinder Singh, Sapna Awasthi",638bece9d51043468d065ac30af784f2,2025-06-27T12:01:41Z,BANGER,508f53df4a6b452bbb455a357e1b8a19,No
spotify:track:6fORBVECjNDJ1gdq5uuoAz,Munni Badnaam,Dabangg,"Mamta Sharma, Aishwarya",3ab94c2427a243119371a8866e43e973,2025-06-29T21:33:56Z,,508f53df4a6b452bbb455a357e1b8a19,No
spotify:track:6mdLX10dvBb7rGYbMXpKzz,Kala Chashma,Baar Baar Dekho (Original Motion Picture Soundtrack),"Prem & Hardeep, Amar Arshi, Badshah, Neha Kakkar, Indeep Bakshi, Amrik Singh",5b73825c50154f5faf5593b9b85e2ff1,2025-06-30T08:26:05Z,,508f53df4a6b452bbb455a357e1b8a19,Yes
spotify:track:6xaxUZiNMu91SeDrfz91Jl,Banh Fad Ke Nachan Nu Jee Karda,Banh Fad Ke Nachan Nu Jee Karda,Kaka Bhaniawala,4c465028af754893b92b9f999383bd42,2025-06-30T10:42:54Z,,508f53df4a6b452bbb455a357e1b8a19,Yes
spotify:track:7Czm0vv2sYL5z4P51KY66e,Maahi Ve,Kal Ho Naa Ho (Original Motion Picture Soundtrack),"Shankar-Ehsaan-Loy, Sadhana Sargam, Sujata Bhattacharya, Udit Narayan, Sonu Nigam",b283b84b47b14942b2dc114115d20741,2025-06-30T08:06:47Z,,508f53df4a6b452bbb455a357e1b8a19,No
spotify:track:7Kpqjspw4Y7HrvItIRcBiW,Jai Ho! (You Are My Destiny),Jai Ho! (You Are My Destiny),"A.R. Rahman, The Pussycat Dolls, Nicole Scherzinger",7b91d7e5ed6d4471b9e7f7be669593c5,2025-06-27T13:19:39Z,,508f53df4a6b452bbb455a357e1b8a19,No
spotify:track:0bSHwuTOZVJUXWT03H9oD2,Succession (Main Title Theme),Succession: Season 1 (HBO Original Series Soundtrack),Nicholas Britell,65f3353a17ee4d3093d42837d3a84e21,2025-07-04T12:15:24Z,Perhaps more of a villain anthem,d5631de6ad2a4fffaa217ec664e8dd5d,Yes
spotify:track:1bJ5FuncHc6wyDHBvJ0xF6,Sweet Leaf - 2009 Remaster,Master of Reality,Black Sabbath,388a9575c21f40948c7923fed02ec8e2,2025-07-04T12:07:44Z,,d5631de6ad2a4fffaa217ec664e8dd5d,No
spotify:track:1rqqCSm0Qe4I9rUvWncaom,High Hopes,Pray for the Wicked,Panic! At The Disco,8fc1dc71014e405da1c76d2fc096a6d6,2025-07-07T10:15:18Z,,d5631de6ad2a4fffaa217ec664e8dd5d,No
spotify:track:1yvMUkIOTeUNtNWlWRgANS,Unstoppable,This Is Acting (Deluxe Version),Sia,b7501cd252ff45a1bf113b6865434a09,2025-07-04T12:48:53Z,,d5631de6ad2a4fffaa217ec664e8dd5d,Yes
spotify:track:2cK7SJ2O3CqDRHeixvFKgh,Move On Up,People Never Give Up,Curtis Mayfield,0406a844f485406d9a23983096f7d39f,2025-07-06T21:15:30Z,,d5631de6ad2a4fffaa217ec664e8dd5d,No
spotify:track:2dOTkLZFbpNXrhc24CnTFd,Titanium (feat. Sia),Nothing but the Beat Ultimate,"David Guetta, Sia",3ab94c2427a243119371a8866e43e973,2025-07-07T10:54:28Z,,d5631de6ad2a4fffaa217ec664e8dd5d,No
spotify:track:2KH16WveTQWT6KOG9Rg6e2,Eye of the Tiger,Rocky IV,Survivor,638bece9d51043468d065ac30af784f2,2025-07-06T02:12:57Z,🥊🥊🥊🥊,d5631de6ad2a4fffaa217ec664e8dd5d,No
spotify:track:30XU4suKzCeoCK9YFzdufg,Born This Way,Born This Way (International Special Edition Version),Lady Gaga,95f0f3d2f6e84e54b527a9847c90935c,2025-07-07T08:33:39Z,,d5631de6ad2a4fffaa217ec664e8dd5d,Yes
spotify:track:3ulmudDek1H8YxWxf7ZDI7,Jericho - Shiloh Cinematic Remix,Jericho (Alternate Mixes),"Iniko, Shiloh Rodriguez",ebb25a7b909a431dbc2f15552c35dd26,2025-07-04T12:18:27Z,,d5631de6ad2a4fffaa217ec664e8dd5d,No
spotify:track:3ZOEytgrvLwQaqXreDs2Jx,Can't Stop,By the Way (Deluxe Edition),Red Hot Chili Peppers,441377a4cd194279803e5145568346ed,2025-07-07T07:30:25Z,,d5631de6ad2a4fffaa217ec664e8dd5d,No
spotify:track:4zDfgax6Ihb0UWdour1ZEs,Zero To Hero,Hercules (Original Motion Picture Soundtrack),"Chorus - Hercules, Lillias White, Cheryl Freeman, LaChanze, Roz Ryan, Vaneese Thomas, Tawatha Agee, Disney",9bb5de166c84417f9eac1ab83cde51a3,2025-07-04T12:03:05Z,,d5631de6ad2a4fffaa217ec664e8dd5d,No
spotify:track:503OTo2dSqe7qk76rgsbep,Still D.R.E.,2001,"Dr. Dre, Snoop Dogg",0832db62ced3425bbe7aa7c1cf79c225,2025-07-04T12:13:12Z,,d5631de6ad2a4fffaa217ec664e8dd5d,No
spotify:track:57bgtoPSgt236HzfBOd8kj,Thunderstruck,The Razors Edge,AC/DC,b283b84b47b14942b2dc114115d20741,2025-07-06T13:19:26Z,,d5631de6ad2a4fffaa217ec664e8dd5d,No
spotify:track:5hmRhU6fWzH0NjYmfhHjhp,Jump,Confessions on a Dance Floor,Madonna,968eab982ccd4fe8bc90c17599c4d2d4,2025-07-04T17:39:52Z,,d5631de6ad2a4fffaa217ec664e8dd5d,No
spotify:track:5T8EDUDqKcs6OSOwEsfqG7,Don't Stop Me Now - Remastered 2011,Jazz (2011 Remaster),Queen,7b91d7e5ed6d4471b9e7f7be669593c5,2025-07-07T09:30:21Z,,d5631de6ad2a4fffaa217ec664e8dd5d,Yes
spotify:track:6sxptembJVty4sNtcPMAVz,Man! I Feel Like A Woman!,Come On Over,Shania Twain,2f9cdeb16a7f487c8bf4a6ed6b08ae38,2025-07-04T12:45:36Z,,d5631de6ad2a4fffaa217ec664e8dd5d,No
spotify:track:7MJQ9Nfxzh8LPZ9e9u68Fq,Lose Yourself,SHADYXV,Eminem,5b73825c50154f5faf5593b9b85e2ff1,2025-07-07T11:05:00Z,,d5631de6ad2a4fffaa217ec664e8dd5d,Yes
spotify:track:7ouMYWpwJ422jRcDASZB7P,Knights of Cydonia,Black Holes and Revelations,Muse,4c465028af754893b92b9f999383bd42,2025-07-06T21:16:03Z,,d5631de6ad2a4fffaa217ec664e8dd5d,No
spotify:track:003vvx7Niy0yvhvHt4a68B,Mr. Brightside,Hot Fuss,The Killers,2f9cdeb16a7f487c8bf4a6ed6b08ae38,2025-07-11T11:23:30Z,,107e23fe8ebe482b8c716da7c4f85e09,No
spotify:track:0Ai6qtPfiEYGCqBGJYWD1W,Three Lions (Football's Coming Home),Three Lions,"Baddiel, Skinner & Lightning Seeds",95f0f3d2f6e84e54b527a9847c90935c,2025-07-11T11:59:51Z,,107e23fe8ebe482b8c716da7c4f85e09,Yes
spotify:track:0ofHAoxe9vBkTCp2UQIavz,Dreams - 2004 Remaster,Rumours (Super Deluxe),Fleetwood Mac,8fc1dc71014e405da1c76d2fc096a6d6,2025-07-13T07:14:23Z,,107e23fe8ebe482b8c716da7c4f85e09,No
spotify:track:1bCmvezFg5MRcENzCGG1Cy,Chelsea Dagger,Costello Music,The Fratellis,3ab94c2427a243119371a8866e43e973,2025-07-13T21:03:52Z,,107e23fe8ebe482b8c716da7c4f85e09,No
spotify:track:1M2nd8jNUkkwrc1dgBPTJz,Angels,Life Thru A Lens,Robbie Williams,0832db62ced3425bbe7aa7c1cf79c225,2025-07-11T11:59:21Z,,107e23fe8ebe482b8c716da7c4f85e09,No
spotify:track:2mHchPRtQWet3iIS3jANr1,God Save The Queen,"Never Mind The Bollocks, Here’s The Sex Pistols",Sex Pistols,b283b84b47b14942b2dc114115d20741,2025-07-14T07:37:37Z,,107e23fe8ebe482b8c716da7c4f85e09,No
spotify:track:2PzU4IB8Dr6mxV3lHuaG34,(I Can't Get No) Satisfaction - Mono,Out Of Our Heads,The Rolling Stones,388a9575c21f40948c7923fed02ec8e2,2025-07-13T12:08:45Z,,107e23fe8ebe482b8c716da7c4f85e09,No
spotify:track:3MT6rJBU7VUAPWtQsowIQv,Morning Glory,(What's The Story) Morning Glory?,Oasis,5b73825c50154f5faf5593b9b85e2ff1,2025-07-14T06:51:46Z,,107e23fe8ebe482b8c716da7c4f85e09,Yes
spotify:track:3stQUVyIkVtY7KbU8OGnEN,A Little Bit Of Luck,A Little Bit Of Luck (Original Mix),DJ Luck & MC Neat,0406a844f485406d9a23983096f7d39f,2025-07-11T23:58:35Z,,107e23fe8ebe482b8c716da7c4f85e09,No
spotify:track:3u5N55tHf7hXATSQrjBh2q,Freed From Desire,Come Into My Life (The Album),"Gala, Molella, Phil Jay",65f3353a17ee4d3093d42837d3a84e21,2025-07-11T11:11:31Z,,107e23fe8ebe482b8c716da7c4f85e09,No
spotify:track:3VwkSBd7WpLu7JNuH0VufN,Piers Morgan,Piers Morgan,Unknown P,ebb25a7b909a431dbc2f15552c35dd26,2025-07-14T10:45:49Z,,107e23fe8ebe482b8c716da7c4f85e09,No
spotify:track:4PlLA6QRD4YQmlwQfaNeaz,Talkin the Hardest,PAY CLOSE ATTENTION: XL Recordings,Giggs,441377a4cd194279803e5145568346ed,2025-07-11T15:37:32Z,,107e23fe8ebe482b8c716da7c4f85e09,No
spotify:track:4QlzkaRHtU8gAdwqjWmO8n,Friday I'm In Love,Wish,The Cure,b7501cd252ff45a1bf113b6865434a09,2025-07-13T09:00:16Z,,107e23fe8ebe482b8c716da7c4f85e09,Yes
spotify:track:5qGwqO0lkbBXw4xNfzT7SF,Spice Up Your Life,Spiceworld,Spice Girls,968eab982ccd4fe8bc90c17599c4d2d4,2025-07-12T12:12:42Z,,107e23fe8ebe482b8c716da7c4f85e09,No
spotify:track:62AuGbAkt8Ox2IrFFb8GKV,Sweet Caroline,Sweet Caroline,Neil Diamond,638bece9d51043468d065ac30af784f2,2025-07-11T11:03:24Z,,107e23fe8ebe482b8c716da7c4f85e09,No
spotify:track:6OG1S805gIrH5nAQbEOPY3,You'll Be Back,Hamilton (Original Broadway Cast Recording),"Jonathan Groff, Original Broadway Cast of Hamilton",9bb5de166c84417f9eac1ab83cde51a3,2025-07-11T13:01:19Z,,107e23fe8ebe482b8c716da7c4f85e09,No
spotify:track:7ppPZa3TRUSGKaks9wH7VT,Don't Look Back In Anger,(What's The Story) Morning Glory?,Oasis,7b91d7e5ed6d4471b9e7f7be669593c5,2025-07-11T12:42:17Z,,107e23fe8ebe482b8c716da7c4f85e09,Yes
spotify:track:7ygpwy2qP3NbrxVkHvUhXY,Wonderwall - Remastered,(What's The Story) Morning Glory? (Deluxe Remastered Edition),Oasis,4c465028af754893b92b9f999383bd42,2025-07-14T09:17:04Z,,107e23fe8ebe482b8c716da7c4f85e09,Yes
spotify:track:09TcIuH1ZO7i4vicWKoaN2,Papaoutai,racine carrée,Stromae,968eab982ccd4fe8bc90c17599c4d2d4,2025-07-19T00:29:11Z,,777b975524c44109995f02531fcc367a,No
spotify:track:0ETkRDuyDSI06f5qo5KkxU,Czerwone Korale,Gwiazdy XX Wieku,Brathanki,b283b84b47b14942b2dc114115d20741,2025-07-21T10:32:21Z,,777b975524c44109995f02531fcc367a,No
spotify:track:0Vl9aGb0dmeiCQ2ATgNK2B,Mas Que Nada,Mas Que Nada,Sergio Mendes & Brasil '66,0406a844f485406d9a23983096f7d39f,2025-07-20T12:36:20Z,,777b975524c44109995f02531fcc367a,No
spotify:track:12TOa8pzhbLTWh1vxIsPMp,Nuestro Planeta (feat. Reykon),Isolation,"Kali Uchis, Reykon",65f3353a17ee4d3093d42837d3a84e21,2025-07-18T16:23:57Z,,777b975524c44109995f02531fcc367a,No
spotify:track:16YktaSw5wfbjsSTTxE5ZH,Danza Kuduro,House Party Jams,"Don Omar, Lucenzo",2f9cdeb16a7f487c8bf4a6ed6b08ae38,2025-07-18T08:30:29Z,,777b975524c44109995f02531fcc367a,No
spotify:track:1uAOCTevGnyKIDbgZdOCnE,Voilà,Voilà,Barbara Pravi,a3856ee1b4bc4ac6acc97e4c1f52f370,2025-07-21T11:09:12Z,,777b975524c44109995f02531fcc367a,No
spotify:track:213fcsbfrn69u0vHnrg1Gl,Megitsune,BABYMETAL,BABYMETAL,ebb25a7b909a431dbc2f15552c35dd26,2025-07-18T10:47:59Z,,777b975524c44109995f02531fcc367a,No
spotify:track:2lCkncy6bIB0LTMT7kvrD1,Azul,Colores,J Balvin,638bece9d51043468d065ac30af784f2,2025-07-20T23:23:12Z,😍,777b975524c44109995f02531fcc367a,No
spotify:track:2PfPIIxUiH9Y7miXqiQdqv,Peur des filles,Peur des filles,L'Impératrice,441377a4cd194279803e5145568346ed,2025-07-18T08:29:51Z,,777b975524c44109995f02531fcc367a,No
spotify:track:2WAB0B0l3rvZlpOB2ffdr2,Guajira guantanamera,Gracias Compay (The Definitive Collection),Compay Segundo,95f0f3d2f6e84e54b527a9847c90935c,2025-07-18T09:26:42Z,,777b975524c44109995f02531fcc367a,Yes
spotify:track:397A58sUsAVNZlvriDmfl9,Bir Kadın Çizeceksin,maNga +,maNga,4c465028af754893b92b9f999383bd42,2025-07-21T10:52:20Z,,777b975524c44109995f02531fcc367a,Yes
spotify:track:4gQe7RzqRVBFHe3mEFHVQh,My New Swag (feat. Ty. & Nina Wang),Crazy Rich Asians (Original Motion Picture Soundtrack),"VAVA, Nina Wang, Ty.",8fc1dc71014e405da1c76d2fc096a6d6,2025-07-18T10:39:02Z,,777b975524c44109995f02531fcc367a,No
spotify:track:52Zr0sinhWTCRrQhRRY4EP,Dragostea din tei,DiscO-Zone,O-Zone,7b91d7e5ed6d4471b9e7f7be669593c5,2025-07-18T11:23:54Z,,777b975524c44109995f02531fcc367a,Yes
spotify:track:5YoITs1m0q8UOQ4AW7N5ga,Gasolina,Barrio Fino (Bonus Track Version),Daddy Yankee,0832db62ced3425bbe7aa7c1cf79c225,2025-07-18T10:24:15Z,,777b975524c44109995f02531fcc367a,No
spotify:track:6habFhsOp2NvshLv26DqMb,Despacito,VIDA,"Luis Fonsi, Daddy Yankee",b7501cd252ff45a1bf113b6865434a09,2025-07-20T14:17:30Z,,777b975524c44109995f02531fcc367a,Yes
spotify:track:6mICuAdrwEjh6Y6lroV2Kg,Chantaje (feat. Maluma),El Dorado,"Shakira, Maluma",9bb5de166c84417f9eac1ab83cde51a3,2025-07-20T23:25:19Z,,777b975524c44109995f02531fcc367a,No
spotify:track:6qlpXtA29VcxCNgLWR5IWx,Pour que tu m'aimes encore,D'Eux,Céline Dion,5b73825c50154f5faf5593b9b85e2ff1,2025-07-21T08:20:42Z,,777b975524c44109995f02531fcc367a,Yes
spotify:track:09ttHg3ZNVgDlYBZa1ZBw0,Starburster,Romance,Fontaines D.C.,441377a4cd194279803e5145568346ed,2025-07-28T06:27:45Z,,de5ac62b93f34de582969aecd8931811,No
spotify:track:0FDzzruyVECATHXKHFs9eJ,A Sky Full of Stars,Ghost Stories,Coldplay,95f0f3d2f6e84e54b527a9847c90935c,2025-07-25T14:28:05Z,,de5ac62b93f34de582969aecd8931811,Yes
spotify:track:1eMhNaN4a92qoidBbkQCmG,Looking for Freedom,Looking For Freedom,David Hasselhoff,fbef2f7c4beb40d7ad6ff55489359b2f,2025-07-28T08:13:35Z,A live song that single-handedly brought down the Berlin wall and helped end the cold war?,de5ac62b93f34de582969aecd8931811,No
spotify:track:1RJxGCTCROHUFVWMFOWPYM,Brianstorm - Live,Live at the Royal Albert Hall,Arctic Monkeys,b283b84b47b14942b2dc114115d20741,2025-07-28T06:21:33Z,,de5ac62b93f34de582969aecd8931811,No
spotify:track:2X485T9Z5Ly0xyaghN73ed,Let It Happen,Currents,Tame Impala,65f3353a17ee4d3093d42837d3a84e21,2025-07-27T08:37:23Z,,de5ac62b93f34de582969aecd8931811,No
spotify:track:2yrOUeHM5IOi8DrzKpsM7j,Move Like You Want - Live,Every Kingdom (Deluxe Version),Ben Howard,5b73825c50154f5faf5593b9b85e2ff1,2025-07-25T12:24:30Z,,de5ac62b93f34de582969aecd8931811,Yes
spotify:track:3DK6m7It6Pw857FcQftMds,Runaway,My Beautiful Dark Twisted Fantasy,"Kanye West, Pusha T",638bece9d51043468d065ac30af784f2,2025-07-28T01:33:35Z,,de5ac62b93f34de582969aecd8931811,No
spotify:track:3sYWyVGfPuit80szWXhrRA,Come As You Are - Live,MTV Unplugged In New York,Nirvana,968eab982ccd4fe8bc90c17599c4d2d4,2025-07-27T13:06:08Z,,de5ac62b93f34de582969aecd8931811,No
spotify:track:44CZRkOxv7UItaAUmh8PgN,Doses & Mimosas,Year of the Caprese,Cherub,8fc1dc71014e405da1c76d2fc096a6d6,2025-07-25T18:40:48Z,,de5ac62b93f34de582969aecd8931811,No
spotify:track:48MpKwPdohMCZAxiD5vpgA,Omen - Live,Invaders Must Die,The Prodigy,0832db62ced3425bbe7aa7c1cf79c225,2025-07-27T09:04:13Z,,de5ac62b93f34de582969aecd8931811,No
spotify:track:4Hff1IjRbLGeLgFgxvHflk,DARE (feat. Shaun Ryder & Roses Gabor),Demon Days,"Gorillaz, Shaun Ryder, Roses Gabor",a3856ee1b4bc4ac6acc97e4c1f52f370,2025-07-28T09:33:46Z,,de5ac62b93f34de582969aecd8931811,No
spotify:track:4Y7XAxTANhu3lmnLAzhWJW,Fireball (feat. John Ryan),Globalization,"Pitbull, John Ryan",7b91d7e5ed6d4471b9e7f7be669593c5,2025-07-28T07:39:24Z,,de5ac62b93f34de582969aecd8931811,Yes
spotify:track:5OVHnu9SgsdAravy4UyGq4,Helicopter,Silent Alarm,Bloc Party,2f9cdeb16a7f487c8bf4a6ed6b08ae38,2025-07-28T11:30:21Z,Guitar hero but real life ,de5ac62b93f34de582969aecd8931811,No
spotify:track:5qtBvvuSmWrUcjcmgq7lYk,Little By Little,Time Flies… (1994 - 2009),Oasis,3ab94c2427a243119371a8866e43e973,2025-07-27T16:30:12Z,,de5ac62b93f34de582969aecd8931811,No
spotify:track:6RNDeRnWsRMjPdNVgupZCs,I Just Called To Say I Love You,At The Close Of A Century,Stevie Wonder,ebb25a7b909a431dbc2f15552c35dd26,2025-07-27T17:15:17Z,,de5ac62b93f34de582969aecd8931811,No
spotify:track:7l6hD7JPcp4MTqcqpRPpsx,Past is Catching Up to Me,The Great Gatsby - A New Musical (Original Broadway Cast Recording),"Jeremy Jordan, Original Broadway Cast of The Great Gatsby - A New Musical",9bb5de166c84417f9eac1ab83cde51a3,2025-07-25T15:51:59Z,,de5ac62b93f34de582969aecd8931811,No
spotify:track:7op4mx4y4ON4qT7pZnNM7u,Stronger Than Me - Live On Later... With Jools Holland / 2003,At The BBC,Amy Winehouse,0406a844f485406d9a23983096f7d39f,2025-07-27T14:00:07Z,,de5ac62b93f34de582969aecd8931811,No
spotify:track:1P17dC1amhFzptugyAO7Il,Look What You Made Me Do,reputation,Taylor Swift,ebb25a7b909a431dbc2f15552c35dd26,2025-08-01T10:52:52Z,,aa161c779be9468f9d8b7d12fbd1dd7d,No
spotify:track:21SUW6VqiPSwSumXMPYQtz,True,True,Clementine Douglas,441377a4cd194279803e5145568346ed,2025-08-04T07:52:27Z,,aa161c779be9468f9d8b7d12fbd1dd7d,No
spotify:track:2Ggr9IfS70wYQacW8nZKPG,labour,labour,Paris Paloma,968eab982ccd4fe8bc90c17599c4d2d4,2025-08-03T14:36:17Z,,aa161c779be9468f9d8b7d12fbd1dd7d,No
spotify:track:2uqYupMHANxnwgeiXTZXzd,Austin (Boots Stop Workin'),What Happens Now?,Dasha,5b73825c50154f5faf5593b9b85e2ff1,2025-08-04T09:46:33Z,,aa161c779be9468f9d8b7d12fbd1dd7d,Yes
spotify:track:2YuUy4hBCVm4L5IRHu0iVl,Messy,Messy,Lola Young,a3856ee1b4bc4ac6acc97e4c1f52f370,2025-08-04T11:46:48Z,,aa161c779be9468f9d8b7d12fbd1dd7d,No
spotify:track:3azJifCSqg9fRij2yKIbWz,The Color Violet,Alone At Prom,Tory Lanez,638bece9d51043468d065ac30af784f2,2025-08-04T10:45:00Z,,aa161c779be9468f9d8b7d12fbd1dd7d,No
spotify:track:4b4DoogqoGBbkd7EgWPtgp,Just Another Rainbow,Liam Gallagher & John Squire,"Liam Gallagher, John Squire",b283b84b47b14942b2dc114115d20741,2025-08-04T10:51:00Z,,aa161c779be9468f9d8b7d12fbd1dd7d,No
spotify:track:4m3vLNZkFAjm30XxPXf7E3,Eres para Mí,Limon Y Sal,"Julieta Venegas, Ana Tijoux",8fc1dc71014e405da1c76d2fc096a6d6,2025-08-03T13:19:20Z,,aa161c779be9468f9d8b7d12fbd1dd7d,No
spotify:track:5Ohxk2dO5COHF1krpoPigN,Sign of the Times,Harry Styles,Harry Styles,4c465028af754893b92b9f999383bd42,2025-08-04T11:27:02Z,,aa161c779be9468f9d8b7d12fbd1dd7d,No
spotify:track:5vNRhkKd0yEAg8suGBpjeY,APT.,APT.,"ROSÉ, Bruno Mars",2f9cdeb16a7f487c8bf4a6ed6b08ae38,2025-08-01T11:31:21Z,,aa161c779be9468f9d8b7d12fbd1dd7d,No
spotify:track:6dOtVTDdiauQNBQEDOtlAB,BIRDS OF A FEATHER,HIT ME HARD AND SOFT,Billie Eilish,95f0f3d2f6e84e54b527a9847c90935c,2025-08-01T22:07:07Z,,aa161c779be9468f9d8b7d12fbd1dd7d,Yes
spotify:track:6eDApnV9Jdb1nYahOlbbUh,One Time,My World,Justin Bieber,0832db62ced3425bbe7aa7c1cf79c225,2025-08-04T08:59:54Z,,aa161c779be9468f9d8b7d12fbd1dd7d,No
spotify:track:6g2BiiVQqY5v1S4HIrM54F,Tuyo (Narcos Theme) [Extended Version] - A Netflix Original Series Soundtrack,Tuyo (Narcos Theme) [Extended Version] [A Netflix Original Series Soundtrack],Rodrigo Amarante,0406a844f485406d9a23983096f7d39f,2025-08-03T18:45:40Z,,aa161c779be9468f9d8b7d12fbd1dd7d,No
spotify:track:7idmHTAQQPUFqdjXkoooXD,Beer Can’t Fix,Center Point Road,"Thomas Rhett, Jon Pardi",9bb5de166c84417f9eac1ab83cde51a3,2025-08-03T12:30:27Z,,aa161c779be9468f9d8b7d12fbd1dd7d,No
spotify:track:7rQEsMAmRB4KaXhx3xJM13,Holiday,Tongue N' Cheek,Dizzee Rascal,7b91d7e5ed6d4471b9e7f7be669593c5,2025-08-04T09:09:36Z,,aa161c779be9468f9d8b7d12fbd1dd7d,Yes
spotify:track:0vMctOnb4YNIvbqgkbWNDy,It Runs Through Me (feat. De La Soul),Geography,"Tom Misch, De La Soul",0406a844f485406d9a23983096f7d39f,2025-08-10T12:45:48Z,,55abb6d49d154900aa73a8fa6cc13987,No
spotify:track:18pKRp33RrRgqmnPPRIZHx,I Am Not Woman I'm A God - Radio Edit,I Am Not Woman I'm A God (Radio Edit),Rain Paris,ebb25a7b909a431dbc2f15552c35dd26,2025-08-08T14:36:18Z,,55abb6d49d154900aa73a8fa6cc13987,No
spotify:track:19kHhX6f6EfLU7rcO3RqjO,Back On 74,Volcano,Jungle,2f9cdeb16a7f487c8bf4a6ed6b08ae38,2025-08-11T08:37:17Z,,55abb6d49d154900aa73a8fa6cc13987,No
spotify:track:1bFY36a62kXGJqNcN5aJkW,BAMM,ZOMBIES (Original TV Movie Soundtrack),"Milo Manheim, Meg Donnelly, Kylee Russell, ZOMBIES – Cast, Disney",9bb5de166c84417f9eac1ab83cde51a3,2025-08-10T16:53:17Z,,55abb6d49d154900aa73a8fa6cc13987,No
spotify:track:1P9ZF3ZxRWNTDgJkZOgkI9,Famax - Edit,Famax,RAFFA GUIDO,0832db62ced3425bbe7aa7c1cf79c225,2025-08-11T11:37:52Z,,55abb6d49d154900aa73a8fa6cc13987,No
spotify:track:2DrGEaqoruCSn0FffWCf5O,A-Punk,Vampire Weekend,Vampire Weekend,a3856ee1b4bc4ac6acc97e4c1f52f370,2025-08-11T09:01:32Z,,55abb6d49d154900aa73a8fa6cc13987,No
spotify:track:2gZUPNdnz5Y45eiGxpHGSc,POWER,My Beautiful Dark Twisted Fantasy,Kanye West,5b73825c50154f5faf5593b9b85e2ff1,2025-08-10T09:13:14Z,,55abb6d49d154900aa73a8fa6cc13987,Yes
spotify:track:2Lj6TS98TSGMkcNGUvFA8N,Wildest Dreams,Berlin:Redux,Duomo,4c465028af754893b92b9f999383bd42,2025-08-11T10:46:06Z,,55abb6d49d154900aa73a8fa6cc13987,Yes
spotify:track:2p6H1rU5kKlZqMFJ8j6OKz,Chill Lofi Gaming Mix,Background Instrumentals For Gaming & Streaming,"Gaming Soundtracks, Playlist For Gaming, Best Gaming Music",95f0f3d2f6e84e54b527a9847c90935c,2025-08-08T12:08:25Z,,55abb6d49d154900aa73a8fa6cc13987,Yes
spotify:track:3CmUXmrh17WIaQOQu9OVha,Hypercolour,Hypercolour,"CamelPhat, Yannis, Foals",65f3353a17ee4d3093d42837d3a84e21,2025-08-11T08:59:03Z,,55abb6d49d154900aa73a8fa6cc13987,Yes
spotify:track:3hQCHzkE5oSA3F1xM8bpcM,Hustlin',Port Of Miami,Rick Ross,7b91d7e5ed6d4471b9e7f7be669593c5,2025-08-11T08:44:42Z,,55abb6d49d154900aa73a8fa6cc13987,Yes
spotify:track:3SlQVRAXBAe9yGHbkNoip7,Weekend Milliardaire,Antiquités,Nhyx,8fc1dc71014e405da1c76d2fc096a6d6,2025-08-10T01:26:00Z,,55abb6d49d154900aa73a8fa6cc13987,No
spotify:track:5FG7Tl93LdH117jEKYl3Cm,Essence (feat. Tems),Made In Lagos,"Wizkid, Tems",638bece9d51043468d065ac30af784f2,2025-08-11T08:34:09Z,,55abb6d49d154900aa73a8fa6cc13987,No
spotify:track:5rk76Ugo6ZWsciJwvCQ4vH,Spring (La Primavera) Op.8 No.1 E Major: Allegro,Vivaldi: The Four Seasons,"Antonio Vivaldi, Baroque Festival Orchestra, I Musici Di San Marco, Alberto Lizzio",b283b84b47b14942b2dc114115d20741,2025-08-11T10:30:12Z,,55abb6d49d154900aa73a8fa6cc13987,No
spotify:track:6IoDmKMOqGMYwny9MjQ6dg,deep in it,deep in it,"berlioz, Ted Jasper",441377a4cd194279803e5145568346ed,2025-08-11T08:05:08Z,,55abb6d49d154900aa73a8fa6cc13987,No
spotify:track:6o0bHtTRbHletQsDJL5bA8,Mantra,Mantra,Nora Van Elken,968eab982ccd4fe8bc90c17599c4d2d4,2025-08-09T10:18:51Z,,55abb6d49d154900aa73a8fa6cc13987,No
spotify:track:1EzrEOXmMH3G43AXT1y7pA,I'm Yours,We Sing. We Dance. We Steal Things.,Jason Mraz,2f9cdeb16a7f487c8bf4a6ed6b08ae38,2025-08-17T15:38:49Z,,806e23960e2b495a9d1df83dd67661c0,No
spotify:track:1LomCMl5wD3MPVlC6smUHe,Don’t Delete The Kisses,Visions Of A Life,Wolf Alice,441377a4cd194279803e5145568346ed,2025-08-17T21:23:00Z,,806e23960e2b495a9d1df83dd67661c0,No
spotify:track:1Y3LN4zO1Edc2EluIoSPJN,Until I Found You (with Em Beihold) - Em Beihold Version,Until I Found You (Em Beihold Version),"Stephen Sanchez, Em Beihold",95f0f3d2f6e84e54b527a9847c90935c,2025-08-15T12:51:49Z,,806e23960e2b495a9d1df83dd67661c0,Yes
spotify:track:3bNv3VuUOKgrf5hu3YcuRo,Someone Like You,21,Adele,638bece9d51043468d065ac30af784f2,2025-08-15T12:01:57Z,,806e23960e2b495a9d1df83dd67661c0,No
spotify:track:3dYD57lRAUcMHufyqn9GcI,Take Me To Church,Hozier,Hozier,ebb25a7b909a431dbc2f15552c35dd26,2025-08-15T14:39:01Z,,806e23960e2b495a9d1df83dd67661c0,No
spotify:track:3jjujdWJ72nww5eGnfs2E7,Adore You,Fine Line,Harry Styles,4c465028af754893b92b9f999383bd42,2025-08-18T09:02:19Z,,806e23960e2b495a9d1df83dd67661c0,Yes
spotify:track:3UmaczJpikHgJFyBTAJVoz,Stan,The Marshall Mathers LP,"Eminem, Dido",a3856ee1b4bc4ac6acc97e4c1f52f370,2025-08-18T08:10:50Z,,806e23960e2b495a9d1df83dd67661c0,No
spotify:track:4A48ckONJNoXU5smWT9CeG,If You Don't Want My Love,Come Around and Love Me,Jalen Ngonda,65f3353a17ee4d3093d42837d3a84e21,2025-08-16T10:07:43Z,,806e23960e2b495a9d1df83dd67661c0,No
spotify:track:4BL3kmGv1JrDrH5IISMKey,Come What May,"Come What May (From ""Moulin Rouge"" Soundtrack)","Nicole Kidman, Ewan McGregor",968eab982ccd4fe8bc90c17599c4d2d4,2025-08-18T06:23:38Z,,806e23960e2b495a9d1df83dd67661c0,No
spotify:track:4ByEFOBuLXpCqvO1kw8Wdm,(I Just) Died In Your Arms,Broadcast,Cutting Crew,8fc1dc71014e405da1c76d2fc096a6d6,2025-08-16T16:00:50Z,,806e23960e2b495a9d1df83dd67661c0,No
spotify:track:4eHbdreAnSOrDDsFfc4Fpm,I Will Always Love You,The Bodyguard - Original Soundtrack Album,Whitney Houston,0832db62ced3425bbe7aa7c1cf79c225,2025-08-18T07:28:16Z,,806e23960e2b495a9d1df83dd67661c0,No
spotify:track:4GgBpJYckh7S5Hr0OEmupd,Thong Song,Unleash The Dragon,Sisqo,7b91d7e5ed6d4471b9e7f7be669593c5,2025-08-15T13:16:08Z,,806e23960e2b495a9d1df83dd67661c0,Yes
spotify:track:4Gmkqn3V7IMTkOmmiX7cbb,On Bended Knee,II,Boyz II Men,5b73825c50154f5faf5593b9b85e2ff1,2025-08-15T22:07:02Z,,806e23960e2b495a9d1df83dd67661c0,Yes
spotify:track:5dXJ1SoksFkgdx3yxIoYNO,"You're The First, The Last, My Everything",Can't Get Enough,Barry White,b7501cd252ff45a1bf113b6865434a09,2025-08-18T07:10:29Z,,806e23960e2b495a9d1df83dd67661c0,Yes
spotify:track:77NNZQSqzLNqh2A9JhLRkg,Don't Stop Believin',The Essential Journey,Journey,b283b84b47b14942b2dc114115d20741,2025-08-15T13:40:17Z,,806e23960e2b495a9d1df83dd67661c0,No
spotify:track:003vvx7Niy0yvhvHt4a68B,Mr. Brightside,Hot Fuss,The Killers,441377a4cd194279803e5145568346ed,2025-08-22T20:57:42Z,,fe3ab7a217294e888fd7a937de62e6dd,No
spotify:track:1A5V1sxyCLpKJezp75tUXn,Closing Time,20th Century Masters: The Millennium Collection: Best Of Semisonic,Semisonic,8fc1dc71014e405da1c76d2fc096a6d6,2025-08-22T15:19:28Z,,fe3ab7a217294e888fd7a937de62e6dd,No
spotify:track:1fDsrQ23eTAVFElUMaf38X,American Pie,American Pie,Don McLean,0832db62ced3425bbe7aa7c1cf79c225,2025-08-22T12:01:53Z,,fe3ab7a217294e888fd7a937de62e6dd,No
spotify:track:2JzZzZUQj3Qff7wapcbKjc,See You Again (feat. Charlie Puth),See You Again (feat. Charlie Puth),"Wiz Khalifa, Charlie Puth",95f0f3d2f6e84e54b527a9847c90935c,2025-08-22T12:14:59Z,,fe3ab7a217294e888fd7a937de62e6dd,Yes
spotify:track:3D8dwH690MXQRhtIZTSS9c,"Leaving, On a Jet Plane - ""Greatest Hits"" Version",John Denver's Greatest Hits,John Denver,5b73825c50154f5faf5593b9b85e2ff1,2025-08-24T21:58:50Z,,fe3ab7a217294e888fd7a937de62e6dd,Yes
spotify:track:3hRV0jL3vUpRrcy398teAU,The Night We Met,Strange Trails,Lord Huron,638bece9d51043468d065ac30af784f2,2025-08-22T23:13:43Z,,fe3ab7a217294e888fd7a937de62e6dd,No
spotify:track:3MrRksHupTVEQ7YbA0FsZK,The Final Countdown,The Final Countdown (Expanded Edition),Europe,a3856ee1b4bc4ac6acc97e4c1f52f370,2025-08-24T23:51:57Z,,fe3ab7a217294e888fd7a937de62e6dd,No
spotify:track:3wm8oemeyf0Q3T3dujlgMW,Better Without You,2 More,Dixon Dallas,ebb25a7b909a431dbc2f15552c35dd26,2025-08-24T18:08:21Z,,fe3ab7a217294e888fd7a937de62e6dd,No
spotify:track:4r8lRYnoOGdEi6YyI5OC1o,Bye Bye Bye,No Strings Attached,*NSYNC,968eab982ccd4fe8bc90c17599c4d2d4,2025-08-25T10:16:59Z,,fe3ab7a217294e888fd7a937de62e6dd,No
spotify:track:633Zk0NRe7kuglSgPmUvSG,Time To Say Goodbye,Romanza (Edición Especial En Español),"Andrea Bocelli, Sarah Brightman",b7501cd252ff45a1bf113b6865434a09,2025-08-22T12:34:51Z,,fe3ab7a217294e888fd7a937de62e6dd,Yes
spotify:track:6ORqU0bHbVCRjXm9AjyHyZ,Good Riddance (Time of Your Life),Nimrod,Green Day,b283b84b47b14942b2dc114115d20741,2025-08-23T07:34:07Z,,fe3ab7a217294e888fd7a937de62e6dd,No
spotify:track:6sqNctd7MlJoKDOxPVCAvU,My Happy Ending,Under My Skin,Avril Lavigne,2f9cdeb16a7f487c8bf4a6ed6b08ae38,2025-08-23T07:07:26Z,,fe3ab7a217294e888fd7a937de62e6dd,No
